iter	RMSE
0	29.68327153
1	29.45504346
2	29.20589683
3	28.97272882
4	28.7170661
5	28.43547513
6	28.16589679
7	27.90056745
8	27.62331809
9	27.43911702
10	27.24919559
11	27.01592695
12	26.88349766
13	26.68503081
14	26.52094488
15	26.34565259
16	26.16322541
17	25.98160154
18	25.80745397
19	25.59797182
20	25.35955181
21	25.16284768
22	24.96422048
23	24.76324828
24	24.56746721
25	24.34559998
26	24.16462557
27	23.956458
28	23.81260201
29	23.60879903
