{
    "rmse": 29.922102526213777,
    "mae": 26.067754323761065,
    "r2": -0.009115689901386004
}